[
    {
      "id": 1,
      "nome": "Adsense",
      "url": "https://www.google.com.br/adsense/"
    },
    {
      "id": 2,
      "nome": "Ad Exchange",
      "url": "https://admanager.google.com/home/"
    },
    {
      "id": 3,
      "nome": "Avants",
      "url": "http://avantisvideo.com/"
    },
    {
      "id": 4,
      "nome": "Cazamba",
      "url": "http://www.cazamba.com/"
    },
    {
      "id": 5,
      "nome": "Rubicon",
      "url": "https://rubiconproject.com/"
    },
    {
      "id": 6,
      "nome": "Teads",
      "url": "https://www.teads.com/login/"
    },
    {
      "id": 7,
      "nome": "Taboola",
      "url": "https://www.taboola.com/pt"
    },
    {
      "id": 8,
      "nome": "SeedTag",
      "url": "https://www.seedtag.com/pt/"
    }
  ]