[
    {
      "id": 1,
      "data": "01/01/2020",
      "valor": "250,95",
      "page_view": "11102",
      "impressoes": "3043",
      "parceiros": "Adsense",
      "rpm": "12,50",
      "empresa": "Santraffic"
    },
    {
      "id": 2,
      "data": "01/01/2020",
      "valor": "555,90",
      "page_view": "6250",
      "impressoes": "156203",
      "parceiros": "Ad Exchange",
      "rpm": "20,50",
      "empresa": "Santraffic"
    },
    {
      "id": 3,
      "data": "01/01/2020",
      "valor": "1555,10",
      "page_view": "1251",
      "impressoes": "56483",
      "parceiros": "Avants",
      "rpm": "13,17",
      "empresa": "Santraffic"
    },
    {
      "id": 4,
      "data": "01/01/2020",
      "valor": "455,95",
      "page_view": "7553",
      "impressoes": "587111",
      "parceiros": "Cazamba",
      "rpm": "17,11",
      "empresa": "Santraffic"
    },
    {
      "id": 5,
      "data": "01/01/2020",
      "valor": "289,93",
      "page_view": "6893",
      "impressoes": "685213",
      "parceiros": "Rubicon",
      "rpm": "13,21",
      "empresa": "Santraffic"
    },
    {
      "id": 6,
      "data": "01/01/2020",
      "valor": "123,10",
      "page_view": "6250",
      "impressoes": "78123",
      "parceiros": "Teads",
      "rpm": "16,12",
      "empresa": "Santraffic"
    },
    {
      "id": 7,
      "data": "01/01/2020",
      "valor": "632,84",
      "page_view": "62548",
      "impressoes": "156203",
      "parceiros": "Taboola",
      "rpm": "13,87",
      "empresa": "Santraffic"
    },
    {
      "id": 8,
      "data": "01/01/2020",
      "valor": "1365,90",
      "page_view": "74589",
      "impressoes": "123658",
      "parceiros": "SeedTag",
      "rpm": "10,50",
      "empresa": "Santraffic"
    },
    {
      "id": 9,
      "data": "02/01/2020",
      "valor": "236,25",
      "page_view": "3659",
      "impressoes": "954783",
      "parceiros": "Ad Exchange",
      "rpm": "25,50",
      "empresa": "Santraffic"
    },
    {
      "id": 10,
      "data": "02/01/2020",
      "valor": "369,40",
      "page_view": "5687",
      "impressoes": "4213",
      "parceiros": "Avants",
      "rpm": "16,17",
      "empresa": "Santraffic"
    },
    {
      "id": 11,
      "data": "02/01/2020",
      "valor": "698,10",
      "page_view": "9658",
      "impressoes": "253698",
      "parceiros": "Cazamba",
      "rpm": "41,11",
      "empresa": "Santraffic"
    },
    {
      "id": 12,
      "data": "02/01/2020",
      "valor": "651,93",
      "page_view": "9843",
      "impressoes": "136598",
      "parceiros": "Rubicon",
      "rpm": "11,28",
      "empresa": "Santraffic"
    },
    {
      "id": 13,
      "data": "02/01/2020",
      "valor": "369,20",
      "page_view": "9876",
      "impressoes": "236597",
      "parceiros": "Teads",
      "rpm": "13,19",
      "empresa": "Santraffic"
    },
    {
      "id": 14,
      "data": "02/01/2020",
      "valor": "7955,42",
      "page_view": "6362",
      "impressoes": "9884",
      "parceiros": "Taboola",
      "rpm": "16,83",
      "empresa": "Santraffic"
    },
    {
      "id": 15,
      "data": "02/01/2020",
      "valor": "3659,52",
      "page_view": "5628",
      "impressoes": "9956",
      "parceiros": "SeedTag",
      "rpm": "32,50",
      "empresa": "Santraffic"
    },
    {
      "id": 16,
      "data": "02/01/2020",
      "valor": "964,78",
      "page_view": "36595",
      "impressoes": "236597",
      "parceiros": "SeedTag",
      "rpm": "18,34",
      "empresa": "Santraffic"
    },
    {
      "id": 17,
      "data": "03/01/2020",
      "valor": "365,10",
      "page_view": "12587",
      "impressoes": "62549",
      "parceiros": "SeedTag",
      "rpm": "30,34",
      "empresa": "Santraffic"
    },
    {
      "id": 18,
      "data": "03/01/2020",
      "valor": "458,21",
      "page_view": "2357",
      "impressoes": "85462",
      "parceiros": "Ad Exchange",
      "rpm": "28,17",
      "empresa": "Santraffic"
    },
    {
      "id": 19,
      "data": "03/01/2020",
      "valor": "652,47",
      "page_view": "6589",
      "impressoes": "25874",
      "parceiros": "Avants",
      "rpm": "14,26",
      "empresa": "Santraffic"
    },
    {
      "id": 20,
      "data": "03/01/2020",
      "valor": "147,07",
      "page_view": "6954",
      "impressoes": "258746",
      "parceiros": "Cazamba",
      "rpm": "14,74",
      "empresa": "Santraffic"
    },
    {
      "id": 21,
      "data": "03/01/2020",
      "valor": "111,92",
      "page_view": "52641",
      "impressoes": "95475",
      "parceiros": "Rubicon",
      "rpm": "14,32",
      "empresa": "Santraffic"
    },
    {
      "id": 22,
      "data": "03/01/2020",
      "valor": "425,21",
      "page_view": "4529",
      "impressoes": "102697",
      "parceiros": "Teads",
      "rpm": "3,80",
      "empresa": "Santraffic"
    },
    {
      "id": 23,
      "data": "03/01/2020",
      "valor": "1265,15",
      "page_view": "98745",
      "impressoes": "25468",
      "parceiros": "Taboola",
      "rpm": "14,18",
      "empresa": "Santraffic"
    },
    {
      "id": 24,
      "data": "03/01/2020",
      "valor": "6598,20",
      "page_view": "1264",
      "impressoes": "9745",
      "parceiros": "SeedTag",
      "rpm": "27,54",
      "empresa": "Santraffic"
    },
    {
      "id": 25,
      "data": "03/01/2020",
      "valor": "659,94",
      "page_view": "85426",
      "impressoes": "21568",
      "parceiros": "SeedTag",
      "rpm": "16,24",
      "empresa": "Santraffic"
    },
    {
      "id": 26,
      "data": "01/01/2020",
      "valor": "637,32",
      "page_view": "958745",
      "impressoes": "1582",
      "parceiros": "Adsense",
      "rpm": "9,65",
      "empresa": "Pausa do Café"
    },
    {
      "id": 27,
      "data": "01/01/2020",
      "valor": "637,32",
      "page_view": "958745",
      "impressoes": "1582",
      "parceiros": "Ad Exchange",
      "rpm": "14,41",
      "empresa": "Pausa do Café"
    },
    {
      "id": 28,
      "data": "01/01/2020",
      "valor": "135,74",
      "page_view": "45893",
      "impressoes": "8965",
      "parceiros": "Avants",
      "rpm": "13,53",
      "empresa": "Pausa do Café"
    },
    {
      "id": 29,
      "data": "01/01/2020",
      "valor": "136,32",
      "page_view": "4587",
      "impressoes": "7456",
      "parceiros": "Cazamba",
      "rpm": "12,65",
      "empresa": "Pausa do Café"
    },
    {
      "id": 30,
      "data": "02/01/2020",
      "valor": "126,11",
      "page_view": "154365",
      "impressoes": "9856",
      "parceiros": "Adsense",
      "rpm": "12,62",
      "empresa": "Pausa do Café"
    }
  ]