[
    {
      "id": 1,
      "nome": "Santraffic",
      "url": "https://www.santraffic.com.br",
      "logo": "https://santraffic.com.br/wp-content/uploads/2020/01/logo_santraffic.png",
      "parceiro": [
        "Adsense",
        "Ad Exchange",
        "Avants",
        "Cazamba",
        "Rubicon",
        "Teads",
        "Taboola",
        "SeedTag"
      ]
    },
    {
      "id": 2,
      "nome": "Pausa do Café",
      "url": "https://pausadocafe.com/",
      "logo": "https://pausadocafe.com/wp-content/uploads/2019/06/logo_transparente_fino.png",
      "parceiro": [
        "Adsense",
        "Ad Exchange",
        "Avants",
        "Cazamba"
      ]
    }
]